Название; Размер; Кол-во
Ботинки СВАРЩИК 1398; 43; 0
Ботинки СВАРЩИК 1398; 44; 1
Ботинки СВАРЩИК 1398; 45; 4
Ботинки СВАРЩИК 1398; 46; 0
Ботинки Panda Санитари 3916; 37; 1
Ботинки Panda Санитари 3916; 38; 0
Ботинки Panda Санитари 3916; 39; 4
Ботинки Panda Санитари 3916; 40; 6
Ботинки ТОФФ Беркут; 38; 0
Ботинки ТОФФ Беркут; 39; 2
Ботинки ТОФФ Беркут; 40; 0
Ботинки ТОФФ Беркут; 41; 0
Ботинки Adidas Originals; 39; 0
Ботинки Adidas Originals; 40; 3
Ботинки Adidas Originals; 41; 1
Ботинки Adidas Originals; 42; 0
Ботинки Nike AirMax; 40; 2
Ботинки Nike AirMax; 39; 1
Ботинки Nike AirMax; 38; 5
Ботинки Nike AirMax; 37; 2
Ботинки Nike AirMax; 36; 0